sku_code,date,units_sold,price,is_promo
SKU_STABLE_001,2025-01-01,44.4,9.09,0
SKU_STABLE_001,2025-01-02,76.6,14.06,1
SKU_STABLE_001,2025-01-03,47.1,9.28,0
SKU_STABLE_001,2025-01-04,47.4,11.67,0
SKU_STABLE_001,2025-01-05,54.1,8.98,0
SKU_STABLE_001,2025-01-06,42.4,10.56,0
SKU_STABLE_001,2025-01-07,46.9,11.6,0
SKU_STABLE_001,2025-01-08,53.0,8.33,0
SKU_STABLE_001,2025-01-09,47.0,8.68,0
SKU_STABLE_001,2025-01-10,54.7,11.08,0
SKU_STABLE_001,2025-01-11,47.3,14.37,0
SKU_STABLE_001,2025-01-12,50.0,12.64,0
SKU_STABLE_001,2025-01-13,63.9,9.29,0
SKU_STABLE_001,2025-01-14,56.0,13.43,0
SKU_STABLE_001,2025-01-15,51.1,14.45,0
SKU_STABLE_001,2025-01-16,54.4,9.37,0
SKU_STABLE_001,2025-01-17,70.0,9.9,1
SKU_STABLE_001,2025-01-18,42.1,10.5,0
SKU_STABLE_001,2025-01-19,44.3,13.62,0
SKU_STABLE_001,2025-01-20,75.7,14.91,1
SKU_STABLE_001,2025-01-21,52.9,13.1,0
SKU_STABLE_001,2025-01-22,54.4,8.52,0
SKU_STABLE_001,2025-01-23,42.5,8.44,0
SKU_STABLE_001,2025-01-24,55.5,10.28,0
SKU_STABLE_001,2025-01-25,54.2,11.31,0
SKU_STABLE_001,2025-01-26,51.5,12.99,0
SKU_STABLE_001,2025-01-27,57.5,11.46,0
SKU_STABLE_001,2025-01-28,51.7,10.99,0
SKU_STABLE_001,2025-01-29,67.9,11.56,1
SKU_STABLE_001,2025-01-30,55.2,9.75,0
SKU_STABLE_001,2025-01-31,46.1,8.54,0
SKU_STABLE_001,2025-02-01,53.7,9.13,0
SKU_STABLE_001,2025-02-02,52.5,14.1,0
SKU_STABLE_001,2025-02-03,55.8,9.31,0
SKU_STABLE_001,2025-02-04,56.9,14.27,0
SKU_STABLE_001,2025-02-05,50.9,8.77,0
SKU_STABLE_001,2025-02-06,56.4,14.03,0
SKU_STABLE_001,2025-02-07,73.5,11.58,1
SKU_STABLE_001,2025-02-08,48.0,10.36,0
SKU_STABLE_001,2025-02-09,48.6,10.26,0
SKU_STABLE_001,2025-02-10,45.3,14.8,0
SKU_STABLE_001,2025-02-11,57.0,9.76,0
SKU_STABLE_001,2025-02-12,44.6,8.26,0
SKU_STABLE_001,2025-02-13,45.0,11.52,0
SKU_STABLE_001,2025-02-14,77.4,9.68,1
SKU_STABLE_001,2025-02-15,48.7,11.43,0
SKU_STABLE_001,2025-02-16,53.8,13.33,0
SKU_STABLE_001,2025-02-17,44.3,13.1,0
SKU_STABLE_001,2025-02-18,57.0,11.75,0
SKU_STABLE_001,2025-02-19,57.0,13.85,0
SKU_STABLE_001,2025-02-20,58.5,8.12,0
SKU_STABLE_001,2025-02-21,54.4,9.59,0
SKU_STABLE_001,2025-02-22,52.7,10.71,0
SKU_STABLE_001,2025-02-23,45.4,8.96,0
SKU_STABLE_001,2025-02-24,48.2,12.62,0
SKU_STABLE_001,2025-02-25,52.8,11.89,0
SKU_STABLE_001,2025-02-26,48.4,14.28,0
SKU_STABLE_001,2025-02-27,49.0,12.43,0
SKU_STABLE_001,2025-02-28,56.5,14.28,0
SKU_STABLE_001,2025-03-01,45.7,13.46,0
SKU_STABLE_001,2025-03-02,51.1,8.06,0
SKU_STABLE_001,2025-03-03,54.2,12.64,0
SKU_STABLE_001,2025-03-04,75.9,12.84,1
SKU_STABLE_001,2025-03-05,43.9,9.57,0
SKU_STABLE_001,2025-03-06,46.2,13.23,0
SKU_STABLE_001,2025-03-07,44.3,13.94,0
SKU_STABLE_001,2025-03-08,45.7,10.57,0
SKU_STABLE_001,2025-03-09,50.7,9.71,0
SKU_STABLE_001,2025-03-10,54.4,12.42,0
SKU_STABLE_001,2025-03-11,48.8,11.52,0
SKU_STABLE_001,2025-03-12,43.0,13.06,0
SKU_STABLE_001,2025-03-13,49.8,8.17,0
SKU_STABLE_001,2025-03-14,49.4,14.77,0
SKU_STABLE_001,2025-03-15,53.7,13.97,0
SKU_STABLE_001,2025-03-16,55.2,10.22,0
SKU_STABLE_001,2025-03-17,48.3,11.9,0
SKU_STABLE_001,2025-03-18,53.2,8.68,0
SKU_STABLE_001,2025-03-19,58.8,14.93,0
SKU_STABLE_001,2025-03-20,55.3,13.19,0
SKU_STABLE_001,2025-03-21,50.3,12.92,0
SKU_STABLE_001,2025-03-22,54.5,13.67,0
SKU_STABLE_001,2025-03-23,47.0,14.39,0
SKU_STABLE_001,2025-03-24,57.2,12.55,0
SKU_STABLE_001,2025-03-25,50.0,13.57,0
SKU_STABLE_001,2025-03-26,44.2,8.66,0
SKU_STABLE_001,2025-03-27,42.5,8.25,0
SKU_STABLE_001,2025-03-28,41.1,12.14,0
SKU_STABLE_001,2025-03-29,76.8,8.26,1
SKU_STABLE_001,2025-03-30,45.5,11.66,0
SKU_STABLE_001,2025-03-31,48.3,9.51,0
SKU_STABLE_001,2025-04-01,61.9,12.46,0
SKU_STABLE_001,2025-04-02,59.2,14.83,0
SKU_STABLE_001,2025-04-03,55.2,9.9,0
SKU_STABLE_001,2025-04-04,46.9,8.55,0
SKU_STABLE_001,2025-04-05,71.1,9.21,1
SKU_STABLE_001,2025-04-06,58.3,9.75,0
SKU_STABLE_001,2025-04-07,54.7,9.96,0
SKU_STABLE_001,2025-04-08,56.3,13.17,0
SKU_STABLE_001,2025-04-09,43.4,9.73,0
SKU_STABLE_001,2025-04-10,59.2,13.3,0
SKU_STABLE_001,2025-04-11,73.8,8.68,1
SKU_STABLE_001,2025-04-12,59.4,11.31,0
SKU_STABLE_001,2025-04-13,40.0,12.31,0
SKU_STABLE_001,2025-04-14,43.5,8.32,0
SKU_STABLE_001,2025-04-15,50.3,14.0,0
SKU_STABLE_001,2025-04-16,61.7,9.14,0
SKU_STABLE_001,2025-04-17,74.0,12.1,1
SKU_STABLE_001,2025-04-18,50.3,12.03,0
SKU_STABLE_001,2025-04-19,46.9,11.82,0
SKU_STABLE_001,2025-04-20,60.6,10.7,0
SKU_STABLE_001,2025-04-21,47.6,10.23,0
SKU_STABLE_001,2025-04-22,51.0,8.16,0
SKU_STABLE_001,2025-04-23,46.9,12.88,0
SKU_STABLE_001,2025-04-24,48.2,14.14,0
SKU_STABLE_001,2025-04-25,46.9,9.24,0
SKU_STABLE_001,2025-04-26,54.4,13.65,0
SKU_STABLE_001,2025-04-27,41.1,13.43,0
SKU_STABLE_001,2025-04-28,43.9,14.52,0
SKU_STABLE_001,2025-04-29,57.8,13.28,0
SKU_STABLE_001,2025-04-30,47.8,14.32,0
SKU_STABLE_001,2025-05-01,47.4,14.27,0
SKU_STABLE_001,2025-05-02,54.7,8.08,0
SKU_STABLE_001,2025-05-03,48.6,14.65,0
SKU_STABLE_001,2025-05-04,46.9,12.01,0
SKU_STABLE_001,2025-05-05,41.0,10.3,0
SKU_STABLE_001,2025-05-06,47.8,13.27,0
SKU_STABLE_001,2025-05-07,46.5,11.85,0
SKU_STABLE_001,2025-05-08,50.0,14.21,0
SKU_STABLE_001,2025-05-09,53.1,8.71,0
SKU_STABLE_001,2025-05-10,56.8,12.91,0
SKU_STABLE_001,2025-05-11,77.8,8.57,1
SKU_STABLE_001,2025-05-12,54.4,14.91,0
SKU_STABLE_001,2025-05-13,55.8,14.63,0
SKU_STABLE_001,2025-05-14,47.6,13.27,0
SKU_STABLE_001,2025-05-15,39.8,14.34,0
SKU_STABLE_001,2025-05-16,57.9,11.45,0
SKU_STABLE_001,2025-05-17,71.6,8.83,1
SKU_STABLE_001,2025-05-18,49.8,12.54,0
SKU_STABLE_001,2025-05-19,52.5,10.62,0
SKU_STABLE_001,2025-05-20,50.4,14.08,0
SKU_STABLE_001,2025-05-21,50.3,14.95,0
SKU_STABLE_001,2025-05-22,79.9,11.88,1
SKU_STABLE_001,2025-05-23,61.4,12.87,0
SKU_STABLE_001,2025-05-24,52.0,12.39,0
SKU_STABLE_001,2025-05-25,49.4,12.34,0
SKU_STABLE_001,2025-05-26,54.9,9.32,0
SKU_STABLE_001,2025-05-27,55.2,8.54,0
SKU_STABLE_001,2025-05-28,40.9,14.9,0
SKU_STABLE_001,2025-05-29,40.4,13.7,0
SKU_STABLE_001,2025-05-30,51.8,9.14,0
SKU_STABLE_001,2025-05-31,53.7,10.93,0
SKU_STABLE_001,2025-06-01,57.4,14.06,0
SKU_STABLE_001,2025-06-02,74.6,13.67,1
SKU_STABLE_001,2025-06-03,48.6,9.05,0
SKU_STABLE_001,2025-06-04,51.7,13.89,0
SKU_STABLE_001,2025-06-05,49.6,11.28,0
SKU_STABLE_001,2025-06-06,49.5,14.05,0
SKU_STABLE_001,2025-06-07,49.7,15.0,0
SKU_STABLE_001,2025-06-08,57.6,14.61,0
SKU_STABLE_001,2025-06-09,51.6,9.73,0
SKU_STABLE_001,2025-06-10,43.2,12.7,0
SKU_STABLE_001,2025-06-11,52.7,10.51,0
SKU_STABLE_001,2025-06-12,51.2,13.41,0
SKU_STABLE_001,2025-06-13,60.2,13.97,0
SKU_STABLE_001,2025-06-14,55.1,10.82,0
SKU_STABLE_001,2025-06-15,50.8,8.2,0
SKU_STABLE_001,2025-06-16,57.4,9.49,0
SKU_STABLE_001,2025-06-17,54.4,8.1,0
SKU_STABLE_001,2025-06-18,41.3,11.06,0
SKU_STABLE_001,2025-06-19,57.2,10.44,0
SKU_STABLE_001,2025-06-20,47.6,12.35,0
SKU_STABLE_001,2025-06-21,56.7,14.65,0
SKU_STABLE_001,2025-06-22,49.9,9.81,0
SKU_STABLE_001,2025-06-23,54.0,14.86,0
SKU_STABLE_001,2025-06-24,55.6,9.68,0
SKU_STABLE_001,2025-06-25,67.8,8.9,1
SKU_STABLE_001,2025-06-26,44.5,10.42,0
SKU_STABLE_001,2025-06-27,52.4,11.32,0
SKU_STABLE_001,2025-06-28,47.8,8.29,0
SKU_STABLE_001,2025-06-29,47.6,9.95,0
SKU_SEASONAL_002,2025-01-01,18.5,10.55,0
SKU_SEASONAL_002,2025-01-02,32.7,12.83,0
SKU_SEASONAL_002,2025-01-03,67.4,8.57,1
SKU_SEASONAL_002,2025-01-04,51.5,14.45,0
SKU_SEASONAL_002,2025-01-05,76.9,13.24,1
SKU_SEASONAL_002,2025-01-06,42.6,9.47,0
SKU_SEASONAL_002,2025-01-07,68.3,10.58,0
SKU_SEASONAL_002,2025-01-08,47.8,13.23,0
SKU_SEASONAL_002,2025-01-09,82.1,14.27,1
SKU_SEASONAL_002,2025-01-10,41.6,11.72,0
SKU_SEASONAL_002,2025-01-11,60.0,9.7,0
SKU_SEASONAL_002,2025-01-12,25.8,10.64,0
SKU_SEASONAL_002,2025-01-13,58.9,10.29,1
SKU_SEASONAL_002,2025-01-14,33.5,14.23,0
SKU_SEASONAL_002,2025-01-15,43.3,11.49,0
SKU_SEASONAL_002,2025-01-16,36.0,11.76,0
SKU_SEASONAL_002,2025-01-17,23.1,8.89,0
SKU_SEASONAL_002,2025-01-18,35.4,10.54,0
SKU_SEASONAL_002,2025-01-19,3.8,14.91,0
SKU_SEASONAL_002,2025-01-20,23.6,9.66,0
SKU_SEASONAL_002,2025-01-21,10.0,9.12,0
SKU_SEASONAL_002,2025-01-22,7.0,10.0,0
SKU_SEASONAL_002,2025-01-23,0.0,14.88,0
SKU_SEASONAL_002,2025-01-24,16.7,10.78,0
SKU_SEASONAL_002,2025-01-25,14.1,9.81,0
SKU_SEASONAL_002,2025-01-26,16.1,12.68,0
SKU_SEASONAL_002,2025-01-27,32.8,9.96,0
SKU_SEASONAL_002,2025-01-28,32.6,9.31,0
SKU_SEASONAL_002,2025-01-29,25.5,9.7,0
SKU_SEASONAL_002,2025-01-30,5.4,12.27,0
SKU_SEASONAL_002,2025-01-31,22.4,11.37,0
SKU_SEASONAL_002,2025-02-01,37.9,8.36,0
SKU_SEASONAL_002,2025-02-02,34.9,12.77,0
SKU_SEASONAL_002,2025-02-03,49.5,12.17,0
SKU_SEASONAL_002,2025-02-04,32.4,14.51,0
SKU_SEASONAL_002,2025-02-05,40.8,14.76,0
SKU_SEASONAL_002,2025-02-06,52.2,9.27,0
SKU_SEASONAL_002,2025-02-07,77.5,13.19,1
SKU_SEASONAL_002,2025-02-08,50.8,13.57,0
SKU_SEASONAL_002,2025-02-09,51.9,9.15,0
SKU_SEASONAL_002,2025-02-10,53.7,11.66,0
SKU_SEASONAL_002,2025-02-11,55.2,14.14,0
SKU_SEASONAL_002,2025-02-12,41.9,10.64,0
SKU_SEASONAL_002,2025-02-13,50.7,10.11,0
SKU_SEASONAL_002,2025-02-14,23.7,14.3,0
SKU_SEASONAL_002,2025-02-15,32.4,11.8,0
SKU_SEASONAL_002,2025-02-16,21.1,14.58,0
SKU_SEASONAL_002,2025-02-17,26.5,10.34,0
SKU_SEASONAL_002,2025-02-18,24.7,11.73,0
SKU_SEASONAL_002,2025-02-19,27.6,13.52,0
SKU_SEASONAL_002,2025-02-20,6.4,13.21,0
SKU_SEASONAL_002,2025-02-21,32.0,11.99,1
SKU_SEASONAL_002,2025-02-22,9.9,13.75,0
SKU_SEASONAL_002,2025-02-23,19.4,13.93,0
SKU_SEASONAL_002,2025-02-24,24.0,9.05,0
SKU_SEASONAL_002,2025-02-25,11.9,13.06,0
SKU_SEASONAL_002,2025-02-26,29.0,11.8,0
SKU_SEASONAL_002,2025-02-27,29.2,10.42,0
SKU_SEASONAL_002,2025-02-28,26.1,10.81,0
SKU_SEASONAL_002,2025-03-01,35.5,14.63,0
SKU_SEASONAL_002,2025-03-02,34.4,12.28,0
SKU_SEASONAL_002,2025-03-03,83.4,14.1,1
SKU_SEASONAL_002,2025-03-04,55.5,14.46,0
SKU_SEASONAL_002,2025-03-05,49.6,9.07,0
SKU_SEASONAL_002,2025-03-06,37.3,13.16,0
SKU_SEASONAL_002,2025-03-07,65.7,14.48,0
SKU_SEASONAL_002,2025-03-08,72.6,10.79,0
SKU_SEASONAL_002,2025-03-09,82.4,10.35,1
SKU_SEASONAL_002,2025-03-10,60.1,14.44,0
SKU_SEASONAL_002,2025-03-11,33.9,10.43,0
SKU_SEASONAL_002,2025-03-12,38.8,11.17,0
SKU_SEASONAL_002,2025-03-13,46.3,9.23,0
SKU_SEASONAL_002,2025-03-14,51.8,10.54,0
SKU_SEASONAL_002,2025-03-15,40.5,12.43,0
SKU_SEASONAL_002,2025-03-16,54.7,14.73,1
SKU_SEASONAL_002,2025-03-17,37.9,10.9,0
SKU_SEASONAL_002,2025-03-18,29.6,12.17,0
SKU_SEASONAL_002,2025-03-19,52.0,13.25,1
SKU_SEASONAL_002,2025-03-20,21.2,9.33,0
SKU_SEASONAL_002,2025-03-21,45.3,11.3,1
SKU_SEASONAL_002,2025-03-22,27.8,11.09,0
SKU_SEASONAL_002,2025-03-23,0.0,11.92,0
SKU_SEASONAL_002,2025-03-24,16.5,14.62,0
SKU_SEASONAL_002,2025-03-25,12.2,9.9,0
SKU_SEASONAL_002,2025-03-26,12.3,9.09,0
SKU_SEASONAL_002,2025-03-27,16.4,12.61,0
SKU_SEASONAL_002,2025-03-28,38.8,12.7,1
SKU_SEASONAL_002,2025-03-29,41.8,8.73,1
SKU_SEASONAL_002,2025-03-30,30.3,9.67,0
SKU_SEASONAL_002,2025-03-31,21.9,9.7,0
SKU_SEASONAL_002,2025-04-01,36.4,10.78,0
SKU_SEASONAL_002,2025-04-02,40.7,9.43,0
SKU_SEASONAL_002,2025-04-03,29.4,14.25,0
SKU_SEASONAL_002,2025-04-04,60.5,10.39,0
SKU_SEASONAL_002,2025-04-05,60.1,9.88,0
SKU_SEASONAL_002,2025-04-06,38.0,10.87,0
SKU_SEASONAL_002,2025-04-07,39.8,14.64,0
SKU_SEASONAL_002,2025-04-08,50.4,8.98,0
SKU_SEASONAL_002,2025-04-09,62.6,13.6,0
SKU_SEASONAL_002,2025-04-10,53.7,8.16,0
SKU_SEASONAL_002,2025-04-11,69.6,9.81,0
SKU_SEASONAL_002,2025-04-12,55.3,13.84,0
SKU_SEASONAL_002,2025-04-13,36.5,9.91,0
SKU_SEASONAL_002,2025-04-14,69.1,14.4,1
SKU_SEASONAL_002,2025-04-15,26.3,11.88,0
SKU_SEASONAL_002,2025-04-16,39.7,13.81,0
SKU_SEASONAL_002,2025-04-17,44.1,12.66,0
SKU_SEASONAL_002,2025-04-18,39.8,14.4,0
SKU_SEASONAL_002,2025-04-19,26.7,8.33,0
SKU_SEASONAL_002,2025-04-20,1.6,13.17,0
SKU_SEASONAL_002,2025-04-21,6.7,10.73,0
SKU_SEASONAL_002,2025-04-22,21.2,10.49,0
SKU_SEASONAL_002,2025-04-23,20.3,11.33,0
SKU_SEASONAL_002,2025-04-24,1.7,14.56,0
SKU_SEASONAL_002,2025-04-25,21.5,8.36,0
SKU_SEASONAL_002,2025-04-26,6.3,12.18,0
SKU_SEASONAL_002,2025-04-27,18.1,8.53,0
SKU_SEASONAL_002,2025-04-28,26.0,11.47,0
SKU_SEASONAL_002,2025-04-29,15.3,13.73,0
SKU_SEASONAL_002,2025-04-30,28.6,12.86,0
SKU_SEASONAL_002,2025-05-01,21.9,8.64,0
SKU_SEASONAL_002,2025-05-02,49.4,8.96,0
SKU_SEASONAL_002,2025-05-03,33.7,11.79,0
SKU_SEASONAL_002,2025-05-04,46.1,13.13,0
SKU_SEASONAL_002,2025-05-05,61.4,13.94,0
SKU_SEASONAL_002,2025-05-06,62.1,11.43,0
SKU_SEASONAL_002,2025-05-07,61.9,8.24,0
SKU_SEASONAL_002,2025-05-08,57.3,10.08,0
SKU_SEASONAL_002,2025-05-09,65.3,13.91,0
SKU_SEASONAL_002,2025-05-10,54.8,13.8,0
SKU_SEASONAL_002,2025-05-11,67.6,8.84,1
SKU_SEASONAL_002,2025-05-12,80.4,12.87,1
SKU_SEASONAL_002,2025-05-13,46.3,10.21,0
SKU_SEASONAL_002,2025-05-14,45.9,13.54,0
SKU_SEASONAL_002,2025-05-15,47.8,12.31,0
SKU_SEASONAL_002,2025-05-16,39.0,8.17,0
SKU_SEASONAL_002,2025-05-17,38.3,13.59,0
SKU_SEASONAL_002,2025-05-18,29.1,10.45,0
SKU_SEASONAL_002,2025-05-19,21.1,12.39,0
SKU_SEASONAL_002,2025-05-20,2.2,14.89,0
SKU_SEASONAL_002,2025-05-21,6.2,13.16,0
SKU_SEASONAL_002,2025-05-22,4.0,8.77,0
SKU_SEASONAL_002,2025-05-23,9.2,9.64,0
SKU_SEASONAL_002,2025-05-24,33.9,8.13,1
SKU_SEASONAL_002,2025-05-25,2.7,12.76,0
SKU_SEASONAL_002,2025-05-26,10.3,14.65,0
SKU_SEASONAL_002,2025-05-27,21.1,14.15,0
SKU_SEASONAL_002,2025-05-28,19.0,11.27,0
SKU_SEASONAL_002,2025-05-29,38.6,11.59,0
SKU_SEASONAL_002,2025-05-30,46.3,9.24,0
SKU_SEASONAL_002,2025-05-31,41.9,10.45,0
SKU_SEASONAL_002,2025-06-01,61.7,14.78,1
SKU_SEASONAL_002,2025-06-02,42.7,13.31,0
SKU_SEASONAL_002,2025-06-03,40.0,9.08,0
SKU_SEASONAL_002,2025-06-04,46.9,11.76,0
SKU_SEASONAL_002,2025-06-05,49.4,12.06,0
SKU_SEASONAL_002,2025-06-06,53.9,8.91,0
SKU_SEASONAL_002,2025-06-07,62.4,14.69,0
SKU_SEASONAL_002,2025-06-08,62.1,11.86,0
SKU_SEASONAL_002,2025-06-09,65.6,10.86,0
SKU_SEASONAL_002,2025-06-10,62.4,11.47,0
SKU_SEASONAL_002,2025-06-11,45.3,9.54,0
SKU_SEASONAL_002,2025-06-12,22.0,12.15,0
SKU_SEASONAL_002,2025-06-13,39.3,10.43,0
SKU_SEASONAL_002,2025-06-14,29.2,14.15,0
SKU_SEASONAL_002,2025-06-15,42.0,12.61,0
SKU_SEASONAL_002,2025-06-16,37.4,13.86,0
SKU_SEASONAL_002,2025-06-17,35.9,12.76,0
SKU_SEASONAL_002,2025-06-18,21.5,14.17,0
SKU_SEASONAL_002,2025-06-19,27.4,8.2,0
SKU_SEASONAL_002,2025-06-20,18.2,13.2,0
SKU_SEASONAL_002,2025-06-21,12.9,13.73,0
SKU_SEASONAL_002,2025-06-22,16.9,10.01,0
SKU_SEASONAL_002,2025-06-23,18.8,14.87,0
SKU_SEASONAL_002,2025-06-24,25.7,11.78,0
SKU_SEASONAL_002,2025-06-25,10.6,8.75,0
SKU_SEASONAL_002,2025-06-26,28.2,10.39,0
SKU_SEASONAL_002,2025-06-27,27.5,14.52,0
SKU_SEASONAL_002,2025-06-28,32.2,8.47,0
SKU_SEASONAL_002,2025-06-29,38.1,12.96,0
SKU_VOLATILE_003,2025-01-01,18.3,12.35,1
SKU_VOLATILE_003,2025-01-02,51.6,14.1,1
SKU_VOLATILE_003,2025-01-03,19.4,8.17,0
SKU_VOLATILE_003,2025-01-04,33.7,10.27,1
SKU_VOLATILE_003,2025-01-05,23.8,11.12,0
SKU_VOLATILE_003,2025-01-06,28.0,14.98,0
SKU_VOLATILE_003,2025-01-07,0.2,13.56,0
SKU_VOLATILE_003,2025-01-08,12.9,9.55,0
SKU_VOLATILE_003,2025-01-09,28.5,9.91,0
SKU_VOLATILE_003,2025-01-10,30.7,9.06,0
SKU_VOLATILE_003,2025-01-11,13.6,12.47,0
SKU_VOLATILE_003,2025-01-12,22.6,9.92,0
SKU_VOLATILE_003,2025-01-13,25.8,9.61,0
SKU_VOLATILE_003,2025-01-14,12.5,8.22,0
SKU_VOLATILE_003,2025-01-15,26.4,11.31,0
SKU_VOLATILE_003,2025-01-16,10.9,9.3,0
SKU_VOLATILE_003,2025-01-17,23.5,13.91,0
SKU_VOLATILE_003,2025-01-18,23.7,12.38,0
SKU_VOLATILE_003,2025-01-19,30.0,11.37,0
SKU_VOLATILE_003,2025-01-20,20.9,8.88,0
SKU_VOLATILE_003,2025-01-21,0.0,11.44,0
SKU_VOLATILE_003,2025-01-22,36.2,12.07,1
SKU_VOLATILE_003,2025-01-23,7.4,11.19,0
SKU_VOLATILE_003,2025-01-24,51.9,8.51,1
SKU_VOLATILE_003,2025-01-25,44.7,10.04,0
SKU_VOLATILE_003,2025-01-26,9.0,14.02,0
SKU_VOLATILE_003,2025-01-27,14.7,8.73,0
SKU_VOLATILE_003,2025-01-28,8.1,14.91,0
SKU_VOLATILE_003,2025-01-29,43.8,12.92,0
SKU_VOLATILE_003,2025-01-30,14.7,8.07,0
SKU_VOLATILE_003,2025-01-31,4.5,10.45,0
SKU_VOLATILE_003,2025-02-01,40.5,8.55,1
SKU_VOLATILE_003,2025-02-02,17.3,12.83,0
SKU_VOLATILE_003,2025-02-03,2.2,9.4,0
SKU_VOLATILE_003,2025-02-04,18.3,12.95,0
SKU_VOLATILE_003,2025-02-05,30.4,14.55,1
SKU_VOLATILE_003,2025-02-06,61.7,14.1,1
SKU_VOLATILE_003,2025-02-07,19.3,13.61,0
SKU_VOLATILE_003,2025-02-08,16.4,13.72,0
SKU_VOLATILE_003,2025-02-09,26.4,12.51,0
SKU_VOLATILE_003,2025-02-10,10.6,8.42,0
SKU_VOLATILE_003,2025-02-11,17.5,9.12,0
SKU_VOLATILE_003,2025-02-12,2.6,13.53,0
SKU_VOLATILE_003,2025-02-13,8.6,11.49,0
SKU_VOLATILE_003,2025-02-14,3.8,14.97,0
SKU_VOLATILE_003,2025-02-15,24.0,12.55,0
SKU_VOLATILE_003,2025-02-16,9.0,8.21,0
SKU_VOLATILE_003,2025-02-17,17.5,11.24,0
SKU_VOLATILE_003,2025-02-18,26.2,10.98,0
SKU_VOLATILE_003,2025-02-19,25.5,10.6,0
SKU_VOLATILE_003,2025-02-20,0.0,13.08,0
SKU_VOLATILE_003,2025-02-21,39.0,14.11,0
SKU_VOLATILE_003,2025-02-22,0.0,12.15,0
SKU_VOLATILE_003,2025-02-23,8.1,9.47,0
SKU_VOLATILE_003,2025-02-24,31.5,8.92,0
SKU_VOLATILE_003,2025-02-25,24.3,14.36,0
SKU_VOLATILE_003,2025-02-26,18.9,11.45,0
SKU_VOLATILE_003,2025-02-27,11.5,14.1,0
SKU_VOLATILE_003,2025-02-28,0.0,12.15,0
SKU_VOLATILE_003,2025-03-01,17.8,10.74,0
SKU_VOLATILE_003,2025-03-02,24.7,10.28,0
SKU_VOLATILE_003,2025-03-03,0.1,8.92,0
SKU_VOLATILE_003,2025-03-04,0.0,8.51,0
SKU_VOLATILE_003,2025-03-05,11.7,11.64,0
SKU_VOLATILE_003,2025-03-06,11.9,9.74,0
SKU_VOLATILE_003,2025-03-07,29.8,12.95,0
SKU_VOLATILE_003,2025-03-08,25.2,11.32,0
SKU_VOLATILE_003,2025-03-09,29.7,13.64,0
SKU_VOLATILE_003,2025-03-10,11.4,8.78,0
SKU_VOLATILE_003,2025-03-11,19.6,8.4,0
SKU_VOLATILE_003,2025-03-12,13.4,14.54,0
SKU_VOLATILE_003,2025-03-13,2.6,11.55,0
SKU_VOLATILE_003,2025-03-14,41.7,14.08,1
SKU_VOLATILE_003,2025-03-15,20.4,11.61,0
SKU_VOLATILE_003,2025-03-16,4.5,8.21,0
SKU_VOLATILE_003,2025-03-17,19.8,12.93,0
SKU_VOLATILE_003,2025-03-18,18.3,11.11,0
SKU_VOLATILE_003,2025-03-19,7.2,9.24,0
SKU_VOLATILE_003,2025-03-20,14.6,12.32,0
SKU_VOLATILE_003,2025-03-21,39.0,11.99,0
SKU_VOLATILE_003,2025-03-22,42.4,12.74,1
SKU_VOLATILE_003,2025-03-23,20.4,12.61,0
SKU_VOLATILE_003,2025-03-24,5.7,12.6,0
SKU_VOLATILE_003,2025-03-25,18.6,8.34,0
SKU_VOLATILE_003,2025-03-26,27.1,13.48,0
SKU_VOLATILE_003,2025-03-27,12.0,13.17,0
SKU_VOLATILE_003,2025-03-28,0.0,12.67,0
SKU_VOLATILE_003,2025-03-29,3.8,13.34,0
SKU_VOLATILE_003,2025-03-30,30.5,8.84,0
SKU_VOLATILE_003,2025-03-31,11.9,8.04,0
SKU_VOLATILE_003,2025-04-01,0.0,12.87,0
SKU_VOLATILE_003,2025-04-02,0.0,11.14,0
SKU_VOLATILE_003,2025-04-03,0.0,8.51,0
SKU_VOLATILE_003,2025-04-04,7.8,12.68,0
SKU_VOLATILE_003,2025-04-05,0.0,14.04,0
SKU_VOLATILE_003,2025-04-06,6.8,11.35,0
SKU_VOLATILE_003,2025-04-07,26.1,10.79,1
SKU_VOLATILE_003,2025-04-08,0.0,11.74,0
SKU_VOLATILE_003,2025-04-09,23.2,13.03,0
SKU_VOLATILE_003,2025-04-10,21.9,8.13,0
SKU_VOLATILE_003,2025-04-11,12.0,14.49,0
SKU_VOLATILE_003,2025-04-12,44.7,14.54,1
SKU_VOLATILE_003,2025-04-13,14.6,9.8,0
SKU_VOLATILE_003,2025-04-14,3.6,10.15,0
SKU_VOLATILE_003,2025-04-15,0.0,12.27,0
SKU_VOLATILE_003,2025-04-16,19.8,9.91,0
SKU_VOLATILE_003,2025-04-17,13.4,12.77,0
SKU_VOLATILE_003,2025-04-18,13.1,11.68,0
SKU_VOLATILE_003,2025-04-19,16.9,9.8,0
SKU_VOLATILE_003,2025-04-20,3.8,11.38,0
SKU_VOLATILE_003,2025-04-21,8.1,12.43,0
SKU_VOLATILE_003,2025-04-22,15.8,12.21,0
SKU_VOLATILE_003,2025-04-23,11.6,9.48,0
SKU_VOLATILE_003,2025-04-24,19.8,10.88,0
SKU_VOLATILE_003,2025-04-25,11.7,9.66,0
SKU_VOLATILE_003,2025-04-26,24.0,9.92,0
SKU_VOLATILE_003,2025-04-27,36.8,8.67,0
SKU_VOLATILE_003,2025-04-28,5.1,11.16,0
SKU_VOLATILE_003,2025-04-29,21.3,14.04,0
SKU_VOLATILE_003,2025-04-30,6.2,8.67,0
SKU_VOLATILE_003,2025-05-01,54.7,11.83,1
SKU_VOLATILE_003,2025-05-02,34.5,10.74,0
SKU_VOLATILE_003,2025-05-03,18.8,8.96,0
SKU_VOLATILE_003,2025-05-04,15.0,10.83,0
SKU_VOLATILE_003,2025-05-05,26.7,14.94,0
SKU_VOLATILE_003,2025-05-06,28.2,8.73,0
SKU_VOLATILE_003,2025-05-07,0.0,8.56,0
SKU_VOLATILE_003,2025-05-08,21.8,14.26,0
SKU_VOLATILE_003,2025-05-09,1.8,10.48,0
SKU_VOLATILE_003,2025-05-10,31.5,11.63,1
SKU_VOLATILE_003,2025-05-11,32.5,11.78,1
SKU_VOLATILE_003,2025-05-12,23.4,12.56,0
SKU_VOLATILE_003,2025-05-13,0.9,12.69,0
SKU_VOLATILE_003,2025-05-14,0.2,12.63,0
SKU_VOLATILE_003,2025-05-15,11.9,8.42,0
SKU_VOLATILE_003,2025-05-16,35.7,14.7,0
SKU_VOLATILE_003,2025-05-17,3.1,11.75,0
SKU_VOLATILE_003,2025-05-18,22.6,11.15,0
SKU_VOLATILE_003,2025-05-19,30.8,13.57,0
SKU_VOLATILE_003,2025-05-20,0.4,9.64,0
SKU_VOLATILE_003,2025-05-21,15.9,13.89,0
SKU_VOLATILE_003,2025-05-22,24.4,12.37,0
SKU_VOLATILE_003,2025-05-23,8.7,13.78,0
SKU_VOLATILE_003,2025-05-24,19.3,12.96,0
SKU_VOLATILE_003,2025-05-25,27.2,10.52,1
SKU_VOLATILE_003,2025-05-26,4.3,14.56,0
SKU_VOLATILE_003,2025-05-27,4.8,11.13,0
SKU_VOLATILE_003,2025-05-28,0.0,11.61,0
SKU_VOLATILE_003,2025-05-29,18.0,13.96,0
SKU_VOLATILE_003,2025-05-30,15.0,14.51,0
SKU_VOLATILE_003,2025-05-31,9.7,14.15,0
SKU_VOLATILE_003,2025-06-01,29.0,13.64,0
SKU_VOLATILE_003,2025-06-02,8.9,10.82,0
SKU_VOLATILE_003,2025-06-03,12.2,12.86,0
SKU_VOLATILE_003,2025-06-04,15.6,13.76,0
SKU_VOLATILE_003,2025-06-05,17.0,14.03,0
SKU_VOLATILE_003,2025-06-06,44.6,13.35,0
SKU_VOLATILE_003,2025-06-07,11.4,11.52,0
SKU_VOLATILE_003,2025-06-08,10.5,8.48,0
SKU_VOLATILE_003,2025-06-09,28.1,8.95,1
SKU_VOLATILE_003,2025-06-10,21.1,11.03,0
SKU_VOLATILE_003,2025-06-11,15.6,11.54,0
SKU_VOLATILE_003,2025-06-12,18.4,9.51,0
SKU_VOLATILE_003,2025-06-13,5.5,12.55,0
SKU_VOLATILE_003,2025-06-14,6.7,14.96,0
SKU_VOLATILE_003,2025-06-15,39.2,12.87,1
SKU_VOLATILE_003,2025-06-16,8.2,8.85,0
SKU_VOLATILE_003,2025-06-17,10.1,8.71,0
SKU_VOLATILE_003,2025-06-18,15.2,14.98,0
SKU_VOLATILE_003,2025-06-19,6.3,12.31,0
SKU_VOLATILE_003,2025-06-20,21.0,10.98,0
SKU_VOLATILE_003,2025-06-21,42.5,14.21,0
SKU_VOLATILE_003,2025-06-22,8.9,10.9,0
SKU_VOLATILE_003,2025-06-23,0.9,13.14,0
SKU_VOLATILE_003,2025-06-24,14.6,11.37,0
SKU_VOLATILE_003,2025-06-25,37.9,9.82,1
SKU_VOLATILE_003,2025-06-26,16.3,9.51,0
SKU_VOLATILE_003,2025-06-27,26.6,9.69,1
SKU_VOLATILE_003,2025-06-28,3.1,11.84,0
SKU_VOLATILE_003,2025-06-29,14.6,13.91,0
